id,type,start_time,total_time,end_time,error,path,raster_summary,tile,z
<built-in function id>,event_type_replacement,start_time_replacement,,1716404102.479574,,geotiff/WorldCRS84Quad/13/1524/910.tif,,"Tile(x=1524, y=910, z=13)",13
<built-in function id>,event_type_replacement,start_time_replacement,,1716404102.893163,,geotiff/WorldCRS84Quad/13/1524/911.tif,,"Tile(x=1524, y=911, z=13)",13
<built-in function id>,event_type_replacement,start_time_replacement,,1716404103.439612,,geotiff/WorldCRS84Quad/13/1525/910.tif,,"Tile(x=1525, y=910, z=13)",13
<built-in function id>,event_type_replacement,start_time_replacement,,1716404103.954117,,geotiff/WorldCRS84Quad/13/1525/911.tif,,"Tile(x=1525, y=911, z=13)",13
<built-in function id>,event_type_replacement,start_time_replacement,,1716404104.094188,,geotiff/WorldCRS84Quad/12/762/455.tif,,"Tile(x=762, y=455, z=12)",12
<built-in function id>,event_type_replacement,start_time_replacement,,1716404104.129645,,geotiff/WorldCRS84Quad/11/381/227.tif,,"Tile(x=381, y=227, z=11)",11
<built-in function id>,event_type_replacement,start_time_replacement,,1716404104.165337,,geotiff/WorldCRS84Quad/10/190/113.tif,,"Tile(x=190, y=113, z=10)",10
<built-in function id>,event_type_replacement,start_time_replacement,,1716404104.200535,,geotiff/WorldCRS84Quad/9/95/56.tif,,"Tile(x=95, y=56, z=9)",9
<built-in function id>,event_type_replacement,start_time_replacement,,1716404104.2365901,,geotiff/WorldCRS84Quad/8/47/28.tif,,"Tile(x=47, y=28, z=8)",8
<built-in function id>,event_type_replacement,start_time_replacement,,1716404104.272053,,geotiff/WorldCRS84Quad/7/23/14.tif,,"Tile(x=23, y=14, z=7)",7
<built-in function id>,event_type_replacement,start_time_replacement,,1716404104.3079228,,geotiff/WorldCRS84Quad/6/11/7.tif,,"Tile(x=11, y=7, z=6)",6
<built-in function id>,event_type_replacement,start_time_replacement,,1716404104.343286,,geotiff/WorldCRS84Quad/5/5/3.tif,,"Tile(x=5, y=3, z=5)",5
<built-in function id>,event_type_replacement,start_time_replacement,,1716404104.3781881,,geotiff/WorldCRS84Quad/4/2/1.tif,,"Tile(x=2, y=1, z=4)",4
<built-in function id>,event_type_replacement,start_time_replacement,,1716404104.4146,,geotiff/WorldCRS84Quad/3/1/0.tif,,"Tile(x=1, y=0, z=3)",3
<built-in function id>,event_type_replacement,start_time_replacement,,1716404104.450751,,geotiff/WorldCRS84Quad/2/0/0.tif,,"Tile(x=0, y=0, z=2)",2
<built-in function id>,event_type_replacement,start_time_replacement,,1716404104.486422,,geotiff/WorldCRS84Quad/1/0/0.tif,,"Tile(x=0, y=0, z=1)",1
<built-in function id>,event_type_replacement,start_time_replacement,,1716404104.531838,,geotiff/WorldCRS84Quad/0/0/0.tif,,"Tile(x=0, y=0, z=0)",0
<built-in function id>,event_type_replacement,start_time_replacement,,1716404104.568728,,geotiff/WorldCRS84Quad/9/95/56.tif,,"Tile(x=95, y=56, z=9)",9
<built-in function id>,event_type_replacement,start_time_replacement,,1716404104.601491,,geotiff/WorldCRS84Quad/0/0/0.tif,,"Tile(x=0, y=0, z=0)",0
<built-in function id>,event_type_replacement,start_time_replacement,,1716404104.638913,,geotiff/WorldCRS84Quad/11/381/227.tif,,"Tile(x=381, y=227, z=11)",11
<built-in function id>,event_type_replacement,start_time_replacement,,1716404104.6715388,,geotiff/WorldCRS84Quad/7/23/14.tif,,"Tile(x=23, y=14, z=7)",7
<built-in function id>,event_type_replacement,start_time_replacement,,1716404104.70404,,geotiff/WorldCRS84Quad/6/11/7.tif,,"Tile(x=11, y=7, z=6)",6
<built-in function id>,event_type_replacement,start_time_replacement,,1716404104.736314,,geotiff/WorldCRS84Quad/1/0/0.tif,,"Tile(x=0, y=0, z=1)",1
<built-in function id>,event_type_replacement,start_time_replacement,,1716404104.7696042,,geotiff/WorldCRS84Quad/10/190/113.tif,,"Tile(x=190, y=113, z=10)",10
<built-in function id>,event_type_replacement,start_time_replacement,,1716404104.8022988,,geotiff/WorldCRS84Quad/8/47/28.tif,,"Tile(x=47, y=28, z=8)",8
<built-in function id>,event_type_replacement,start_time_replacement,,1716404104.834292,,geotiff/WorldCRS84Quad/4/2/1.tif,,"Tile(x=2, y=1, z=4)",4
<built-in function id>,event_type_replacement,start_time_replacement,,1716404104.866399,,geotiff/WorldCRS84Quad/3/1/0.tif,,"Tile(x=1, y=0, z=3)",3
<built-in function id>,event_type_replacement,start_time_replacement,,1716404104.9100192,,geotiff/WorldCRS84Quad/12/762/455.tif,,"Tile(x=762, y=455, z=12)",12
<built-in function id>,event_type_replacement,start_time_replacement,,1716404104.942355,,geotiff/WorldCRS84Quad/2/0/0.tif,,"Tile(x=0, y=0, z=2)",2
<built-in function id>,event_type_replacement,start_time_replacement,,1716404104.9785862,,geotiff/WorldCRS84Quad/13/1524/911.tif,,"Tile(x=1524, y=911, z=13)",13
<built-in function id>,event_type_replacement,start_time_replacement,,1716404105.015074,,geotiff/WorldCRS84Quad/13/1524/910.tif,,"Tile(x=1524, y=910, z=13)",13
<built-in function id>,event_type_replacement,start_time_replacement,,1716404105.051714,,geotiff/WorldCRS84Quad/13/1525/911.tif,,"Tile(x=1525, y=911, z=13)",13
<built-in function id>,event_type_replacement,start_time_replacement,,1716404105.088917,,geotiff/WorldCRS84Quad/13/1525/910.tif,,"Tile(x=1525, y=910, z=13)",13
<built-in function id>,event_type_replacement,start_time_replacement,,1716404105.121044,,geotiff/WorldCRS84Quad/5/5/3.tif,,"Tile(x=5, y=3, z=5)",5
<built-in function id>,event_type_replacement,start_time_replacement,,1716404197.910377,,geotiff/WorldCRS84Quad/13/1524/910.tif,,"Tile(x=1524, y=910, z=13)",13
<built-in function id>,event_type_replacement,start_time_replacement,,1716404198.313628,,geotiff/WorldCRS84Quad/13/1524/911.tif,,"Tile(x=1524, y=911, z=13)",13
<built-in function id>,event_type_replacement,start_time_replacement,,1716404198.850005,,geotiff/WorldCRS84Quad/13/1525/910.tif,,"Tile(x=1525, y=910, z=13)",13
<built-in function id>,event_type_replacement,start_time_replacement,,1716404199.355752,,geotiff/WorldCRS84Quad/13/1525/911.tif,,"Tile(x=1525, y=911, z=13)",13
<built-in function id>,event_type_replacement,start_time_replacement,,1716404199.495656,,geotiff/WorldCRS84Quad/12/762/455.tif,,"Tile(x=762, y=455, z=12)",12
<built-in function id>,event_type_replacement,start_time_replacement,,1716404199.531123,,geotiff/WorldCRS84Quad/11/381/227.tif,,"Tile(x=381, y=227, z=11)",11
<built-in function id>,event_type_replacement,start_time_replacement,,1716404199.567366,,geotiff/WorldCRS84Quad/10/190/113.tif,,"Tile(x=190, y=113, z=10)",10
<built-in function id>,event_type_replacement,start_time_replacement,,1716404199.6021771,,geotiff/WorldCRS84Quad/9/95/56.tif,,"Tile(x=95, y=56, z=9)",9
<built-in function id>,event_type_replacement,start_time_replacement,,1716404199.639555,,geotiff/WorldCRS84Quad/8/47/28.tif,,"Tile(x=47, y=28, z=8)",8
<built-in function id>,event_type_replacement,start_time_replacement,,1716404199.674788,,geotiff/WorldCRS84Quad/7/23/14.tif,,"Tile(x=23, y=14, z=7)",7
<built-in function id>,event_type_replacement,start_time_replacement,,1716404199.711377,,geotiff/WorldCRS84Quad/6/11/7.tif,,"Tile(x=11, y=7, z=6)",6
<built-in function id>,event_type_replacement,start_time_replacement,,1716404199.748657,,geotiff/WorldCRS84Quad/5/5/3.tif,,"Tile(x=5, y=3, z=5)",5
<built-in function id>,event_type_replacement,start_time_replacement,,1716404199.783594,,geotiff/WorldCRS84Quad/4/2/1.tif,,"Tile(x=2, y=1, z=4)",4
<built-in function id>,event_type_replacement,start_time_replacement,,1716404199.8190012,,geotiff/WorldCRS84Quad/3/1/0.tif,,"Tile(x=1, y=0, z=3)",3
<built-in function id>,event_type_replacement,start_time_replacement,,1716404199.854176,,geotiff/WorldCRS84Quad/2/0/0.tif,,"Tile(x=0, y=0, z=2)",2
<built-in function id>,event_type_replacement,start_time_replacement,,1716404199.888761,,geotiff/WorldCRS84Quad/1/0/0.tif,,"Tile(x=0, y=0, z=1)",1
<built-in function id>,event_type_replacement,start_time_replacement,,1716404199.932936,,geotiff/WorldCRS84Quad/0/0/0.tif,,"Tile(x=0, y=0, z=0)",0
<built-in function id>,event_type_replacement,start_time_replacement,,1716404199.969434,,geotiff/WorldCRS84Quad/9/95/56.tif,,"Tile(x=95, y=56, z=9)",9
<built-in function id>,event_type_replacement,start_time_replacement,,1716404200.0022001,,geotiff/WorldCRS84Quad/0/0/0.tif,,"Tile(x=0, y=0, z=0)",0
<built-in function id>,event_type_replacement,start_time_replacement,,1716404200.0396328,,geotiff/WorldCRS84Quad/11/381/227.tif,,"Tile(x=381, y=227, z=11)",11
<built-in function id>,event_type_replacement,start_time_replacement,,1716404200.072146,,geotiff/WorldCRS84Quad/7/23/14.tif,,"Tile(x=23, y=14, z=7)",7
<built-in function id>,event_type_replacement,start_time_replacement,,1716404200.104584,,geotiff/WorldCRS84Quad/6/11/7.tif,,"Tile(x=11, y=7, z=6)",6
<built-in function id>,event_type_replacement,start_time_replacement,,1716404200.1369028,,geotiff/WorldCRS84Quad/1/0/0.tif,,"Tile(x=0, y=0, z=1)",1
<built-in function id>,event_type_replacement,start_time_replacement,,1716404200.171036,,geotiff/WorldCRS84Quad/10/190/113.tif,,"Tile(x=190, y=113, z=10)",10
<built-in function id>,event_type_replacement,start_time_replacement,,1716404200.203796,,geotiff/WorldCRS84Quad/8/47/28.tif,,"Tile(x=47, y=28, z=8)",8
<built-in function id>,event_type_replacement,start_time_replacement,,1716404200.236452,,geotiff/WorldCRS84Quad/4/2/1.tif,,"Tile(x=2, y=1, z=4)",4
<built-in function id>,event_type_replacement,start_time_replacement,,1716404200.268867,,geotiff/WorldCRS84Quad/3/1/0.tif,,"Tile(x=1, y=0, z=3)",3
<built-in function id>,event_type_replacement,start_time_replacement,,1716404200.3125288,,geotiff/WorldCRS84Quad/12/762/455.tif,,"Tile(x=762, y=455, z=12)",12
<built-in function id>,event_type_replacement,start_time_replacement,,1716404200.344602,,geotiff/WorldCRS84Quad/2/0/0.tif,,"Tile(x=0, y=0, z=2)",2
<built-in function id>,event_type_replacement,start_time_replacement,,1716404200.380797,,geotiff/WorldCRS84Quad/13/1524/911.tif,,"Tile(x=1524, y=911, z=13)",13
<built-in function id>,event_type_replacement,start_time_replacement,,1716404200.417351,,geotiff/WorldCRS84Quad/13/1524/910.tif,,"Tile(x=1524, y=910, z=13)",13
<built-in function id>,event_type_replacement,start_time_replacement,,1716404200.453946,,geotiff/WorldCRS84Quad/13/1525/911.tif,,"Tile(x=1525, y=911, z=13)",13
<built-in function id>,event_type_replacement,start_time_replacement,,1716404200.4911098,,geotiff/WorldCRS84Quad/13/1525/910.tif,,"Tile(x=1525, y=910, z=13)",13
<built-in function id>,event_type_replacement,start_time_replacement,,1716404200.52295,,geotiff/WorldCRS84Quad/5/5/3.tif,,"Tile(x=5, y=3, z=5)",5
<built-in function id>,event_type_replacement,start_time_replacement,,1716404244.53921,,geotiff/WorldCRS84Quad/13/1524/910.tif,,"Tile(x=1524, y=910, z=13)",13
<built-in function id>,event_type_replacement,start_time_replacement,,1716404244.9440498,,geotiff/WorldCRS84Quad/13/1524/911.tif,,"Tile(x=1524, y=911, z=13)",13
<built-in function id>,event_type_replacement,start_time_replacement,,1716404245.4768078,,geotiff/WorldCRS84Quad/13/1525/910.tif,,"Tile(x=1525, y=910, z=13)",13
<built-in function id>,event_type_replacement,start_time_replacement,,1716404245.980829,,geotiff/WorldCRS84Quad/13/1525/911.tif,,"Tile(x=1525, y=911, z=13)",13
<built-in function id>,event_type_replacement,start_time_replacement,,1716404246.1186528,,geotiff/WorldCRS84Quad/12/762/455.tif,,"Tile(x=762, y=455, z=12)",12
<built-in function id>,event_type_replacement,start_time_replacement,,1716404246.153909,,geotiff/WorldCRS84Quad/11/381/227.tif,,"Tile(x=381, y=227, z=11)",11
<built-in function id>,event_type_replacement,start_time_replacement,,1716404246.188452,,geotiff/WorldCRS84Quad/10/190/113.tif,,"Tile(x=190, y=113, z=10)",10
<built-in function id>,event_type_replacement,start_time_replacement,,1716404246.222923,,geotiff/WorldCRS84Quad/9/95/56.tif,,"Tile(x=95, y=56, z=9)",9
<built-in function id>,event_type_replacement,start_time_replacement,,1716404246.260779,,geotiff/WorldCRS84Quad/8/47/28.tif,,"Tile(x=47, y=28, z=8)",8
<built-in function id>,event_type_replacement,start_time_replacement,,1716404246.296885,,geotiff/WorldCRS84Quad/7/23/14.tif,,"Tile(x=23, y=14, z=7)",7
<built-in function id>,event_type_replacement,start_time_replacement,,1716404246.332469,,geotiff/WorldCRS84Quad/6/11/7.tif,,"Tile(x=11, y=7, z=6)",6
<built-in function id>,event_type_replacement,start_time_replacement,,1716404246.367081,,geotiff/WorldCRS84Quad/5/5/3.tif,,"Tile(x=5, y=3, z=5)",5
<built-in function id>,event_type_replacement,start_time_replacement,,1716404246.4031281,,geotiff/WorldCRS84Quad/4/2/1.tif,,"Tile(x=2, y=1, z=4)",4
<built-in function id>,event_type_replacement,start_time_replacement,,1716404246.438575,,geotiff/WorldCRS84Quad/3/1/0.tif,,"Tile(x=1, y=0, z=3)",3
<built-in function id>,event_type_replacement,start_time_replacement,,1716404246.4737122,,geotiff/WorldCRS84Quad/2/0/0.tif,,"Tile(x=0, y=0, z=2)",2
<built-in function id>,event_type_replacement,start_time_replacement,,1716404246.50895,,geotiff/WorldCRS84Quad/1/0/0.tif,,"Tile(x=0, y=0, z=1)",1
<built-in function id>,event_type_replacement,start_time_replacement,,1716404246.552962,,geotiff/WorldCRS84Quad/0/0/0.tif,,"Tile(x=0, y=0, z=0)",0
<built-in function id>,event_type_replacement,start_time_replacement,,1716404246.589299,,geotiff/WorldCRS84Quad/9/95/56.tif,,"Tile(x=95, y=56, z=9)",9
<built-in function id>,event_type_replacement,start_time_replacement,,1716404246.621851,,geotiff/WorldCRS84Quad/0/0/0.tif,,"Tile(x=0, y=0, z=0)",0
<built-in function id>,event_type_replacement,start_time_replacement,,1716404246.659092,,geotiff/WorldCRS84Quad/11/381/227.tif,,"Tile(x=381, y=227, z=11)",11
<built-in function id>,event_type_replacement,start_time_replacement,,1716404246.69152,,geotiff/WorldCRS84Quad/7/23/14.tif,,"Tile(x=23, y=14, z=7)",7
<built-in function id>,event_type_replacement,start_time_replacement,,1716404246.723721,,geotiff/WorldCRS84Quad/6/11/7.tif,,"Tile(x=11, y=7, z=6)",6
<built-in function id>,event_type_replacement,start_time_replacement,,1716404246.7561011,,geotiff/WorldCRS84Quad/1/0/0.tif,,"Tile(x=0, y=0, z=1)",1
<built-in function id>,event_type_replacement,start_time_replacement,,1716404246.789539,,geotiff/WorldCRS84Quad/10/190/113.tif,,"Tile(x=190, y=113, z=10)",10
<built-in function id>,event_type_replacement,start_time_replacement,,1716404246.822093,,geotiff/WorldCRS84Quad/8/47/28.tif,,"Tile(x=47, y=28, z=8)",8
<built-in function id>,event_type_replacement,start_time_replacement,,1716404246.8538492,,geotiff/WorldCRS84Quad/4/2/1.tif,,"Tile(x=2, y=1, z=4)",4
<built-in function id>,event_type_replacement,start_time_replacement,,1716404246.88584,,geotiff/WorldCRS84Quad/3/1/0.tif,,"Tile(x=1, y=0, z=3)",3
<built-in function id>,event_type_replacement,start_time_replacement,,1716404246.929091,,geotiff/WorldCRS84Quad/12/762/455.tif,,"Tile(x=762, y=455, z=12)",12
<built-in function id>,event_type_replacement,start_time_replacement,,1716404246.9613628,,geotiff/WorldCRS84Quad/2/0/0.tif,,"Tile(x=0, y=0, z=2)",2
<built-in function id>,event_type_replacement,start_time_replacement,,1716404246.9974961,,geotiff/WorldCRS84Quad/13/1524/911.tif,,"Tile(x=1524, y=911, z=13)",13
<built-in function id>,event_type_replacement,start_time_replacement,,1716404247.0340521,,geotiff/WorldCRS84Quad/13/1524/910.tif,,"Tile(x=1524, y=910, z=13)",13
<built-in function id>,event_type_replacement,start_time_replacement,,1716404247.070505,,geotiff/WorldCRS84Quad/13/1525/911.tif,,"Tile(x=1525, y=911, z=13)",13
<built-in function id>,event_type_replacement,start_time_replacement,,1716404247.1076438,,geotiff/WorldCRS84Quad/13/1525/910.tif,,"Tile(x=1525, y=910, z=13)",13
<built-in function id>,event_type_replacement,start_time_replacement,,1716404247.142925,,geotiff/WorldCRS84Quad/5/5/3.tif,,"Tile(x=5, y=3, z=5)",5
